contrast	asv_id	estimate	pval	group	site	commonid	test_type	model	sampling_time	Combo	baseline	baseMean	padj	log2FoldChange_MMSE	padj_qcutoff	pair1	pair2
Tektite_dawn - all_peak_photo	ASV_00002	14.656685780943487	1.2897633220160405e-4	high_dawn	Tektite	dawn	rademu	auto_fit	dawn	Tektite_d	all_peak_photo					Tektite_dawn	all_peak_photo
Yawzi_dawn - all_peak_photo	ASV_00002	14.602405651815051	1.327449783933823e-4	high_dawn	Yawzi	dawn	rademu	auto_fit	dawn	Yawzi_d	all_peak_photo					Yawzi_dawn	all_peak_photo
Tektite_dawn - all_peak_photo	ASV_00003	13.340764270796035	2.5969848547273573e-4	low_dawn	Tektite	dawn	rademu	auto_fit	dawn	Tektite_d	all_peak_photo					Tektite_dawn	all_peak_photo
Yawzi_dawn - all_peak_photo	ASV_00003	14.687565879184225	1.2688060120486124e-4	low_dawn	Yawzi	dawn	rademu	auto_fit	dawn	Yawzi_d	all_peak_photo					Yawzi_dawn	all_peak_photo
Tektite_dawn - all_peak_photo	ASV_00006	14.344174927653441	1.5225002133389717e-4	low_dawn	Tektite	dawn	rademu	auto_fit	dawn	Tektite_d	all_peak_photo					Tektite_dawn	all_peak_photo
Yawzi_dawn - all_peak_photo	ASV_00006	14.426512497430764	1.4573605260662589e-4	low_dawn	Yawzi	dawn	rademu	auto_fit	dawn	Yawzi_d	all_peak_photo					Yawzi_dawn	all_peak_photo
Tektite_dawn - all_peak_photo	ASV_00007	12.686605086431586	3.6828431792344145e-4	high_dawn	Tektite	dawn	rademu	auto_fit	dawn	Tektite_d	all_peak_photo					Tektite_dawn	all_peak_photo
Yawzi_dawn - all_peak_photo	ASV_00007	13.670802790028349	2.1781480129917072e-4	high_dawn	Yawzi	dawn	rademu	auto_fit	dawn	Yawzi_d	all_peak_photo					Yawzi_dawn	all_peak_photo
Tektite_dawn - all_peak_photo	ASV_00008	14.516026164959353	1.389722383551048e-4	high_dawn	Tektite	dawn	rademu	auto_fit	dawn	Tektite_d	all_peak_photo					Tektite_dawn	all_peak_photo
Yawzi_dawn - all_peak_photo	ASV_00008	14.011363692595083	1.8170913699205678e-4	high_dawn	Yawzi	dawn	rademu	auto_fit	dawn	Yawzi_d	all_peak_photo					Yawzi_dawn	all_peak_photo
Tektite_dawn - all_peak_photo	ASV_00009	14.358917246998748	1.5106253386962314e-4	low_dawn	Tektite	dawn	rademu	auto_fit	dawn	Tektite_d	all_peak_photo					Tektite_dawn	all_peak_photo
Yawzi_dawn - all_peak_photo	ASV_00009	14.393094235085115	1.4834533861438233e-4	low_dawn	Yawzi	dawn	rademu	auto_fit	dawn	Yawzi_d	all_peak_photo					Yawzi_dawn	all_peak_photo
Tektite_dawn - all_peak_photo	ASV_00012	14.37461334554801	1.4980846864619778e-4	high_dawn	Tektite	dawn	rademu	auto_fit	dawn	Tektite_d	all_peak_photo					Tektite_dawn	all_peak_photo
Yawzi_dawn - all_peak_photo	ASV_00012	14.440138945155189	1.4468541334910725e-4	high_dawn	Yawzi	dawn	rademu	auto_fit	dawn	Yawzi_d	all_peak_photo					Yawzi_dawn	all_peak_photo
Tektite_dawn - all_peak_photo	ASV_00017	14.579643576377428	1.343581515611903e-4	high_dawn	Tektite	dawn	rademu	auto_fit	dawn	Tektite_d	all_peak_photo					Tektite_dawn	all_peak_photo
Yawzi_dawn - all_peak_photo	ASV_00017	14.557908214648036	1.3591698020618483e-4	high_dawn	Yawzi	dawn	rademu	auto_fit	dawn	Yawzi_d	all_peak_photo					Yawzi_dawn	all_peak_photo
Tektite_dawn - all_peak_photo	ASV_00023	14.406017075542835	1.4733079530075588e-4	high_dawn	Tektite	dawn	rademu	auto_fit	dawn	Tektite_d	all_peak_photo					Tektite_dawn	all_peak_photo
Yawzi_dawn - all_peak_photo	ASV_00023	14.565774376020645	1.353507390493501e-4	high_dawn	Yawzi	dawn	rademu	auto_fit	dawn	Yawzi_d	all_peak_photo					Yawzi_dawn	all_peak_photo
Tektite_dawn - all_peak_photo	ASV_00031	14.343048866260316	1.523411105846522e-4	high_dawn	Tektite	dawn	rademu	auto_fit	dawn	Tektite_d	all_peak_photo					Tektite_dawn	all_peak_photo
Yawzi_dawn - all_peak_photo	ASV_00031	14.529840559461503	1.3795692328583085e-4	high_dawn	Yawzi	dawn	rademu	auto_fit	dawn	Yawzi_d	all_peak_photo					Yawzi_dawn	all_peak_photo
Tektite_dawn - all_peak_photo	ASV_00038	13.771740090286489	2.064180287916139e-4	low_dawn	Tektite	dawn	rademu	auto_fit	dawn	Tektite_d	all_peak_photo					Tektite_dawn	all_peak_photo
Yawzi_dawn - all_peak_photo	ASV_00038	14.221941557270371	1.6246507392622146e-4	low_dawn	Yawzi	dawn	rademu	auto_fit	dawn	Yawzi_d	all_peak_photo					Yawzi_dawn	all_peak_photo
Tektite_dawn - all_peak_photo	ASV_00045	13.61748509972826	2.2408866366699037e-4	low_dawn	Tektite	dawn	rademu	auto_fit	dawn	Tektite_d	all_peak_photo					Tektite_dawn	all_peak_photo
Yawzi_dawn - all_peak_photo	ASV_00045	14.586457654791264	1.3387317132891192e-4	low_dawn	Yawzi	dawn	rademu	auto_fit	dawn	Yawzi_d	all_peak_photo					Yawzi_dawn	all_peak_photo
Yawzi_dawn - all_peak_photo	ASV_00060	7.401534152027359	0.006516827589103219	low_dawn	Yawzi	dawn	rademu	auto_fit	dawn	Yawzi_d	all_peak_photo					Yawzi_dawn	all_peak_photo
Tektite_dawn - all_peak_photo	ASV_00072	13.580933044851363	2.284946316762172e-4	high_dawn	Tektite	dawn	rademu	auto_fit	dawn	Tektite_d	all_peak_photo					Tektite_dawn	all_peak_photo
Yawzi_dawn - all_peak_photo	ASV_00072	14.038181175097371	1.7913611624382038e-4	high_dawn	Yawzi	dawn	rademu	auto_fit	dawn	Yawzi_d	all_peak_photo					Yawzi_dawn	all_peak_photo
Tektite_dawn - all_peak_photo	ASV_00097	10.4055434795124	0.0012563758072780288	low_dawn	Tektite	dawn	rademu	auto_fit	dawn	Tektite_d	all_peak_photo					Tektite_dawn	all_peak_photo
Yawzi_dawn - all_peak_photo	ASV_00097	14.327344720610588	1.536171832509959e-4	low_dawn	Yawzi	dawn	rademu	auto_fit	dawn	Yawzi_d	all_peak_photo					Yawzi_dawn	all_peak_photo
Yawzi_dawn - all_peak_photo	ASV_00105	10.899352152355725	9.61978989556729e-4	low_dawn	Yawzi	dawn	rademu	auto_fit	dawn	Yawzi_d	all_peak_photo					Yawzi_dawn	all_peak_photo
Tektite_dawn - all_peak_photo	ASV_00111	6.137356068823078	0.0132355067645169	low_dawn	Tektite	dawn	rademu	auto_fit	dawn	Tektite_d	all_peak_photo					Tektite_dawn	all_peak_photo
Yawzi_dawn - all_peak_photo	ASV_00111	13.662211974541949	2.188135855913746e-4	low_dawn	Yawzi	dawn	rademu	auto_fit	dawn	Yawzi_d	all_peak_photo					Yawzi_dawn	all_peak_photo
Tektite_dawn - all_peak_photo	ASV_00124	11.793336734412241	5.944309625775025e-4	low_dawn	Tektite	dawn	rademu	auto_fit	dawn	Tektite_d	all_peak_photo					Tektite_dawn	all_peak_photo
Yawzi_dawn - all_peak_photo	ASV_00124	13.980944327440193	1.8467283860744353e-4	low_dawn	Yawzi	dawn	rademu	auto_fit	dawn	Yawzi_d	all_peak_photo					Yawzi_dawn	all_peak_photo
Tektite_dawn - all_peak_photo	ASV_00129	13.767434820365127	2.0689164020400072e-4	high_dawn	Tektite	dawn	rademu	auto_fit	dawn	Tektite_d	all_peak_photo					Tektite_dawn	all_peak_photo
Yawzi_dawn - all_peak_photo	ASV_00129	13.612100513432424	2.2473230266132304e-4	high_dawn	Yawzi	dawn	rademu	auto_fit	dawn	Yawzi_d	all_peak_photo					Yawzi_dawn	all_peak_photo
Tektite_dawn - all_peak_photo	ASV_00131	8.97424087960837	0.0027381231833457234	low_dawn	Tektite	dawn	rademu	auto_fit	dawn	Tektite_d	all_peak_photo					Tektite_dawn	all_peak_photo
Yawzi_dawn - all_peak_photo	ASV_00131	12.621259543321964	3.813842645706959e-4	low_dawn	Yawzi	dawn	rademu	auto_fit	dawn	Yawzi_d	all_peak_photo					Yawzi_dawn	all_peak_photo
Tektite_dawn - all_peak_photo	ASV_00138	9.39357421702304	0.0021774727656074127	high_dawn	Tektite	dawn	rademu	auto_fit	dawn	Tektite_d	all_peak_photo					Tektite_dawn	all_peak_photo
Yawzi_dawn - all_peak_photo	ASV_00138	9.520376418373166	0.0020320289725700032	high_dawn	Yawzi	dawn	rademu	auto_fit	dawn	Yawzi_d	all_peak_photo					Yawzi_dawn	all_peak_photo
Tektite_dawn - all_peak_photo	ASV_00150	12.263726458739814	4.6184830331620917e-4	high_dawn	Tektite	dawn	rademu	auto_fit	dawn	Tektite_d	all_peak_photo					Tektite_dawn	all_peak_photo
Yawzi_dawn - all_peak_photo	ASV_00150	13.651877261738424	2.2002123567931015e-4	high_dawn	Yawzi	dawn	rademu	auto_fit	dawn	Yawzi_d	all_peak_photo					Yawzi_dawn	all_peak_photo
Tektite_dawn - all_peak_photo	ASV_00171	10.381836863886125	0.0012726102243430697	high_dawn	Tektite	dawn	rademu	auto_fit	dawn	Tektite_d	all_peak_photo					Tektite_dawn	all_peak_photo
Yawzi_dawn - all_peak_photo	ASV_00171	8.592430251265148	0.0033756321523720862	high_dawn	Yawzi	dawn	rademu	auto_fit	dawn	Yawzi_d	all_peak_photo					Yawzi_dawn	all_peak_photo
Tektite_dawn - all_peak_photo	ASV_00215	9.775888860986734	0.0017681522118418215	low_dawn	Tektite	dawn	rademu	auto_fit	dawn	Tektite_d	all_peak_photo					Tektite_dawn	all_peak_photo
Yawzi_dawn - all_peak_photo	ASV_00215	13.633450363581858	2.2219117551498148e-4	low_dawn	Yawzi	dawn	rademu	auto_fit	dawn	Yawzi_d	all_peak_photo					Yawzi_dawn	all_peak_photo
Tektite_dawn - all_peak_photo	ASV_00227	8.306218150724796	0.003950957391468827	low_dawn	Tektite	dawn	rademu	auto_fit	dawn	Tektite_d	all_peak_photo					Tektite_dawn	all_peak_photo
Yawzi_dawn - all_peak_photo	ASV_00227	11.355547548455686	7.522294099681667e-4	low_dawn	Yawzi	dawn	rademu	auto_fit	dawn	Yawzi_d	all_peak_photo					Yawzi_dawn	all_peak_photo
Yawzi_dawn - all_peak_photo	ASV_00243	8.991481678088489	0.0027124098579062524	low_dawn	Yawzi	dawn	rademu	auto_fit	dawn	Yawzi_d	all_peak_photo					Yawzi_dawn	all_peak_photo
Yawzi_dawn - all_peak_photo	ASV_00251	4.5566689229954465	0.03279079139906216	low_dawn	Yawzi	dawn	rademu	auto_fit	dawn	Yawzi_d	all_peak_photo					Yawzi_dawn	all_peak_photo
Yawzi_dawn - all_peak_photo	ASV_00282	6.335707453859678	0.011833090815134431	low_dawn	Yawzi	dawn	rademu	auto_fit	dawn	Yawzi_d	all_peak_photo					Yawzi_dawn	all_peak_photo
Tektite_dawn - all_peak_photo	ASV_01134	9.167773907797827	0.002463140002295135	low_dawn	Tektite	dawn	rademu	auto_fit	dawn	Tektite_d	all_peak_photo					Tektite_dawn	all_peak_photo
Yawzi_dawn - all_peak_photo	ASV_01134	12.422692112088846	4.2414837155360907e-4	low_dawn	Yawzi	dawn	rademu	auto_fit	dawn	Yawzi_d	all_peak_photo					Yawzi_dawn	all_peak_photo
Tektite - LB_seagrass_all	ASV_00002	38.8077578634967	4.67665512336111e-10	high_reef	Tektite	reef	rademu	auto_fit	all	Tektite	LB_seagrass_all					Tektite	LB_seagrass_all
Yawzi - LB_seagrass_all	ASV_00002	37.14513791638764	1.096558176528113e-9	high_reef	Yawzi	reef	rademu	auto_fit	all	Yawzi	LB_seagrass_all					Yawzi	LB_seagrass_all
Tektite - LB_seagrass_all	ASV_00003	44.84254848713669	2.135319196447035e-11	low_reef	Tektite	reef	rademu	auto_fit	all	Tektite	LB_seagrass_all					Tektite	LB_seagrass_all
Yawzi - LB_seagrass_all	ASV_00003	40.84569905157655	1.647354095908647e-10	low_reef	Yawzi	reef	rademu	auto_fit	all	Yawzi	LB_seagrass_all					Yawzi	LB_seagrass_all
Tektite - LB_seagrass_all	ASV_00006	46.076877487726016	1.1370251128859065e-11	low_reef	Tektite	reef	rademu	auto_fit	all	Tektite	LB_seagrass_all					Tektite	LB_seagrass_all
Yawzi - LB_seagrass_all	ASV_00006	41.587917149243054	1.1268757874229103e-10	low_reef	Yawzi	reef	rademu	auto_fit	all	Yawzi	LB_seagrass_all					Yawzi	LB_seagrass_all
Tektite - LB_seagrass_all	ASV_00007	36.40716089081022	1.6011387586566252e-9	high_reef	Tektite	reef	rademu	auto_fit	all	Tektite	LB_seagrass_all					Tektite	LB_seagrass_all
Yawzi - LB_seagrass_all	ASV_00007	36.85527153584872	1.2723160925013683e-9	high_reef	Yawzi	reef	rademu	auto_fit	all	Yawzi	LB_seagrass_all					Yawzi	LB_seagrass_all
Tektite - LB_seagrass_all	ASV_00009	47.770677409109155	4.7910441060009406e-12	low_reef	Tektite	reef	rademu	auto_fit	all	Tektite	LB_seagrass_all					Tektite	LB_seagrass_all
Yawzi - LB_seagrass_all	ASV_00009	44.84106114970163	2.136941767962484e-11	low_reef	Yawzi	reef	rademu	auto_fit	all	Yawzi	LB_seagrass_all					Yawzi	LB_seagrass_all
Tektite - LB_seagrass_all	ASV_00017	39.81472279504873	2.7923229129781784e-10	high_reef	Tektite	reef	rademu	auto_fit	all	Tektite	LB_seagrass_all					Tektite	LB_seagrass_all
Yawzi - LB_seagrass_all	ASV_00017	36.07590217126653	1.8977928587151803e-9	high_reef	Yawzi	reef	rademu	auto_fit	all	Yawzi	LB_seagrass_all					Yawzi	LB_seagrass_all
Tektite - LB_seagrass_all	ASV_00023	43.5245137876794	4.1868161688051255e-11	high_reef	Tektite	reef	rademu	auto_fit	all	Tektite	LB_seagrass_all					Tektite	LB_seagrass_all
Yawzi - LB_seagrass_all	ASV_00023	42.86815190504232	5.85562232433811e-11	high_reef	Yawzi	reef	rademu	auto_fit	all	Yawzi	LB_seagrass_all					Yawzi	LB_seagrass_all
Tektite - LB_seagrass_all	ASV_00031	45.43939729142472	1.5743548788299865e-11	high_reef	Tektite	reef	rademu	auto_fit	all	Tektite	LB_seagrass_all					Tektite	LB_seagrass_all
Yawzi - LB_seagrass_all	ASV_00031	41.31890436573349	1.2931223878101996e-10	high_reef	Yawzi	reef	rademu	auto_fit	all	Yawzi	LB_seagrass_all					Yawzi	LB_seagrass_all
Tektite - LB_seagrass_all	ASV_00038	39.9465832183682	2.6100373050253466e-10	low_reef	Tektite	reef	rademu	auto_fit	all	Tektite	LB_seagrass_all					Tektite	LB_seagrass_all
Yawzi - LB_seagrass_all	ASV_00038	36.80660675761299	1.304474380463195e-9	low_reef	Yawzi	reef	rademu	auto_fit	all	Yawzi	LB_seagrass_all					Yawzi	LB_seagrass_all
Tektite - LB_seagrass_all	ASV_00045	34.58313973953347	4.08428591456976e-9	low_reef	Tektite	reef	rademu	auto_fit	all	Tektite	LB_seagrass_all					Tektite	LB_seagrass_all
Yawzi - LB_seagrass_all	ASV_00045	31.168952298479315	2.3651884712992437e-8	low_reef	Yawzi	reef	rademu	auto_fit	all	Yawzi	LB_seagrass_all					Yawzi	LB_seagrass_all
Tektite - LB_seagrass_all	ASV_00060	17.902886695900083	2.3246823635676846e-5	low_reef	Tektite	reef	rademu	auto_fit	all	Tektite	LB_seagrass_all					Tektite	LB_seagrass_all
Yawzi - LB_seagrass_all	ASV_00060	17.584419718805616	2.7483081651472466e-5	low_reef	Yawzi	reef	rademu	auto_fit	all	Yawzi	LB_seagrass_all					Yawzi	LB_seagrass_all
Tektite - LB_seagrass_all	ASV_00072	43.28475775891085	4.7325577581316665e-11	high_reef	Tektite	reef	rademu	auto_fit	all	Tektite	LB_seagrass_all					Tektite	LB_seagrass_all
Yawzi - LB_seagrass_all	ASV_00072	39.24739386088051	3.733663954973419e-10	high_reef	Yawzi	reef	rademu	auto_fit	all	Yawzi	LB_seagrass_all					Yawzi	LB_seagrass_all
Tektite - LB_seagrass_all	ASV_00097	30.037973932664563	4.2366784175039824e-8	low_reef	Tektite	reef	rademu	auto_fit	all	Tektite	LB_seagrass_all					Tektite	LB_seagrass_all
Yawzi - LB_seagrass_all	ASV_00097	32.0105794017588	1.5333524162206727e-8	low_reef	Yawzi	reef	rademu	auto_fit	all	Yawzi	LB_seagrass_all					Yawzi	LB_seagrass_all
Tektite - LB_seagrass_all	ASV_00105	19.977523664675644	7.835783786411975e-6	low_reef	Tektite	reef	rademu	auto_fit	all	Tektite	LB_seagrass_all					Tektite	LB_seagrass_all
Yawzi - LB_seagrass_all	ASV_00105	19.236463187634936	1.1548634742599073e-5	low_reef	Yawzi	reef	rademu	auto_fit	all	Yawzi	LB_seagrass_all					Yawzi	LB_seagrass_all
Tektite - LB_seagrass_all	ASV_00111	22.81035516956749	1.787997222056662e-6	low_reef	Tektite	reef	rademu	auto_fit	all	Tektite	LB_seagrass_all					Tektite	LB_seagrass_all
Yawzi - LB_seagrass_all	ASV_00111	21.310917527471425	3.905011745072226e-6	low_reef	Yawzi	reef	rademu	auto_fit	all	Yawzi	LB_seagrass_all					Yawzi	LB_seagrass_all
Tektite - LB_seagrass_all	ASV_00124	34.15521930953391	5.08865735212325e-9	low_reef	Tektite	reef	rademu	auto_fit	all	Tektite	LB_seagrass_all					Tektite	LB_seagrass_all
Yawzi - LB_seagrass_all	ASV_00124	31.193404961946857	2.3355820475539715e-8	low_reef	Yawzi	reef	rademu	auto_fit	all	Yawzi	LB_seagrass_all					Yawzi	LB_seagrass_all
Tektite - LB_seagrass_all	ASV_00129	39.95130792937129	2.60373166098972e-10	high_reef	Tektite	reef	rademu	auto_fit	all	Tektite	LB_seagrass_all					Tektite	LB_seagrass_all
Yawzi - LB_seagrass_all	ASV_00129	38.547427080036385	5.343917131453366e-10	high_reef	Yawzi	reef	rademu	auto_fit	all	Yawzi	LB_seagrass_all					Yawzi	LB_seagrass_all
Tektite - LB_seagrass_all	ASV_00131	25.7989329110802	3.788978926093762e-7	low_reef	Tektite	reef	rademu	auto_fit	all	Tektite	LB_seagrass_all					Tektite	LB_seagrass_all
Yawzi - LB_seagrass_all	ASV_00131	23.891972167942534	1.0189579355514452e-6	low_reef	Yawzi	reef	rademu	auto_fit	all	Yawzi	LB_seagrass_all					Yawzi	LB_seagrass_all
Tektite - LB_seagrass_all	ASV_00138	19.43470249670126	1.0409827230043446e-5	high_reef	Tektite	reef	rademu	auto_fit	all	Tektite	LB_seagrass_all					Tektite	LB_seagrass_all
Yawzi - LB_seagrass_all	ASV_00138	18.537060545488284	1.6663256689468857e-5	high_reef	Yawzi	reef	rademu	auto_fit	all	Yawzi	LB_seagrass_all					Yawzi	LB_seagrass_all
Tektite - LB_seagrass_all	ASV_00150	21.685195895654022	3.2126101320617558e-6	high_reef	Tektite	reef	rademu	auto_fit	all	Tektite	LB_seagrass_all					Tektite	LB_seagrass_all
Yawzi - LB_seagrass_all	ASV_00150	25.348709790434672	4.784723098259979e-7	high_reef	Yawzi	reef	rademu	auto_fit	all	Yawzi	LB_seagrass_all					Yawzi	LB_seagrass_all
Tektite - LB_seagrass_all	ASV_00171	19.502086684691662	1.0048984767562594e-5	high_reef	Tektite	reef	rademu	auto_fit	all	Tektite	LB_seagrass_all					Tektite	LB_seagrass_all
Yawzi - LB_seagrass_all	ASV_00171	16.359979580035976	5.237962316783117e-5	high_reef	Yawzi	reef	rademu	auto_fit	all	Yawzi	LB_seagrass_all					Yawzi	LB_seagrass_all
Tektite - LB_seagrass_all	ASV_00186	7.684680501447941	0.005569153858499381	low_reef	Tektite	reef	rademu	auto_fit	all	Tektite	LB_seagrass_all					Tektite	LB_seagrass_all
Yawzi - LB_seagrass_all	ASV_00186	8.93857322575998	0.0027921072842487815	low_reef	Yawzi	reef	rademu	auto_fit	all	Yawzi	LB_seagrass_all					Yawzi	LB_seagrass_all
Tektite - LB_seagrass_all	ASV_00215	34.27915122161699	4.774695109988302e-9	low_reef	Tektite	reef	rademu	auto_fit	all	Tektite	LB_seagrass_all					Tektite	LB_seagrass_all
Yawzi - LB_seagrass_all	ASV_00215	32.95500848863061	9.431645462546096e-9	low_reef	Yawzi	reef	rademu	auto_fit	all	Yawzi	LB_seagrass_all					Yawzi	LB_seagrass_all
Tektite - LB_seagrass_all	ASV_00227	16.538836492114253	4.766376218510214e-5	low_reef	Tektite	reef	rademu	auto_fit	all	Tektite	LB_seagrass_all					Tektite	LB_seagrass_all
Yawzi - LB_seagrass_all	ASV_00227	15.787095861457988	7.088431707850508e-5	low_reef	Yawzi	reef	rademu	auto_fit	all	Yawzi	LB_seagrass_all					Yawzi	LB_seagrass_all
Tektite - LB_seagrass_all	ASV_00243	27.1755996298466	1.857887320074716e-7	low_reef	Tektite	reef	rademu	auto_fit	all	Tektite	LB_seagrass_all					Tektite	LB_seagrass_all
Yawzi - LB_seagrass_all	ASV_00243	24.815339896886186	6.309336139280753e-7	low_reef	Yawzi	reef	rademu	auto_fit	all	Yawzi	LB_seagrass_all					Yawzi	LB_seagrass_all
Tektite - LB_seagrass_all	ASV_00251	20.526930810565872	5.879814360798657e-6	low_reef	Tektite	reef	rademu	auto_fit	all	Tektite	LB_seagrass_all					Tektite	LB_seagrass_all
Yawzi - LB_seagrass_all	ASV_00251	20.302130234454513	6.612691948064585e-6	low_reef	Yawzi	reef	rademu	auto_fit	all	Yawzi	LB_seagrass_all					Yawzi	LB_seagrass_all
Tektite - LB_seagrass_all	ASV_00271	23.284965607884644	1.39687659249621e-6	low_reef	Tektite	reef	rademu	auto_fit	all	Tektite	LB_seagrass_all					Tektite	LB_seagrass_all
Yawzi - LB_seagrass_all	ASV_00271	29.624578644211386	5.243581277164333e-8	low_reef	Yawzi	reef	rademu	auto_fit	all	Yawzi	LB_seagrass_all					Yawzi	LB_seagrass_all
Tektite - LB_seagrass_all	ASV_00282	31.088610126426328	2.465136627953728e-8	low_reef	Tektite	reef	rademu	auto_fit	all	Tektite	LB_seagrass_all					Tektite	LB_seagrass_all
Yawzi - LB_seagrass_all	ASV_00282	29.09935311491493	6.875993953522947e-8	low_reef	Yawzi	reef	rademu	auto_fit	all	Yawzi	LB_seagrass_all					Yawzi	LB_seagrass_all
Tektite - LB_seagrass_all	ASV_00300	16.601062063276547	4.612518452686532e-5	low_reef	Tektite	reef	rademu	auto_fit	all	Tektite	LB_seagrass_all					Tektite	LB_seagrass_all
Yawzi - LB_seagrass_all	ASV_00300	16.434898818731195	5.0349672432655634e-5	low_reef	Yawzi	reef	rademu	auto_fit	all	Yawzi	LB_seagrass_all					Yawzi	LB_seagrass_all
Tektite - LB_seagrass_all	ASV_00339	16.66061171471055	4.469954398256531e-5	low_reef	Tektite	reef	rademu	auto_fit	all	Tektite	LB_seagrass_all					Tektite	LB_seagrass_all
Yawzi - LB_seagrass_all	ASV_00339	17.411024363815578	3.0107466903835217e-5	low_reef	Yawzi	reef	rademu	auto_fit	all	Yawzi	LB_seagrass_all					Yawzi	LB_seagrass_all
Tektite - LB_seagrass_all	ASV_00348	13.474655071788717	2.4180763895219153e-4	low_reef	Tektite	reef	rademu	auto_fit	all	Tektite	LB_seagrass_all					Tektite	LB_seagrass_all
Yawzi - LB_seagrass_all	ASV_00348	13.447917353577797	2.452783122627923e-4	low_reef	Yawzi	reef	rademu	auto_fit	all	Yawzi	LB_seagrass_all					Yawzi	LB_seagrass_all
Tektite - LB_seagrass_all	ASV_00389	21.840140725279557	2.96335335455671e-6	low_reef	Tektite	reef	rademu	auto_fit	all	Tektite	LB_seagrass_all					Tektite	LB_seagrass_all
Yawzi - LB_seagrass_all	ASV_00389	20.302154266257897	6.61260889200564e-6	low_reef	Yawzi	reef	rademu	auto_fit	all	Yawzi	LB_seagrass_all					Yawzi	LB_seagrass_all
Tektite - LB_seagrass_all	ASV_00399	25.990237159303	3.431482600327004e-7	low_reef	Tektite	reef	rademu	auto_fit	all	Tektite	LB_seagrass_all					Tektite	LB_seagrass_all
Yawzi - LB_seagrass_all	ASV_00399	26.32076116300277	2.8916350518467874e-7	low_reef	Yawzi	reef	rademu	auto_fit	all	Yawzi	LB_seagrass_all					Yawzi	LB_seagrass_all
Tektite - LB_seagrass_all	ASV_00400	12.515169787910274	4.036611035307433e-4	low_reef	Tektite	reef	rademu	auto_fit	all	Tektite	LB_seagrass_all					Tektite	LB_seagrass_all
Yawzi - LB_seagrass_all	ASV_00400	11.73096159654673	6.146882354991142e-4	low_reef	Yawzi	reef	rademu	auto_fit	all	Yawzi	LB_seagrass_all					Yawzi	LB_seagrass_all
Tektite - LB_seagrass_all	ASV_00495	19.35675130072749	1.0843519596835778e-5	low_reef	Tektite	reef	rademu	auto_fit	all	Tektite	LB_seagrass_all					Tektite	LB_seagrass_all
Yawzi - LB_seagrass_all	ASV_00495	17.881314756627177	2.3511826544081834e-5	low_reef	Yawzi	reef	rademu	auto_fit	all	Yawzi	LB_seagrass_all					Yawzi	LB_seagrass_all
Tektite - LB_seagrass_all	ASV_01134	26.215236395624487	3.054033525958211e-7	low_reef	Tektite	reef	rademu	auto_fit	all	Tektite	LB_seagrass_all					Tektite	LB_seagrass_all
Yawzi - LB_seagrass_all	ASV_01134	26.478189086315354	2.6653050699740763e-7	low_reef	Yawzi	reef	rademu	auto_fit	all	Yawzi	LB_seagrass_all					Yawzi	LB_seagrass_all
Tektite_dawn - LB_seagrass_all	ASV_00002	14.656685780943487	1.2897633220160405e-4	low_seagrass	Tektite	seagrass	rademu	auto_fit	dawn	Tektite_d	LB_seagrass_all					Tektite_dawn	LB_seagrass_all
Yawzi_dawn - LB_seagrass_all	ASV_00002	14.602405651815051	1.327449783933823e-4	low_seagrass	Yawzi	seagrass	rademu	auto_fit	dawn	Yawzi_d	LB_seagrass_all					Yawzi_dawn	LB_seagrass_all
Tektite_peak_photo - LB_seagrass_all	ASV_00002	14.713556517301724	1.25143291440859e-4	low_seagrass	Tektite	seagrass	rademu	auto_fit	peak_photo	Tektite_p	LB_seagrass_all					Tektite_peak_photo	LB_seagrass_all
Yawzi_peak_photo - LB_seagrass_all	ASV_00002	15.048242091602965	1.0479781750114376e-4	low_seagrass	Yawzi	seagrass	rademu	auto_fit	peak_photo	Yawzi_p	LB_seagrass_all					Yawzi_peak_photo	LB_seagrass_all
Tektite_dawn - LB_seagrass_all	ASV_00003	13.340764270796035	2.5969848547273573e-4	high_seagrass	Tektite	seagrass	rademu	auto_fit	dawn	Tektite_d	LB_seagrass_all					Tektite_dawn	LB_seagrass_all
Yawzi_dawn - LB_seagrass_all	ASV_00003	14.687565879184225	1.2688060120486124e-4	high_seagrass	Yawzi	seagrass	rademu	auto_fit	dawn	Yawzi_d	LB_seagrass_all					Yawzi_dawn	LB_seagrass_all
Tektite_peak_photo - LB_seagrass_all	ASV_00003	12.78646039110078	3.491371000212852e-4	high_seagrass	Tektite	seagrass	rademu	auto_fit	peak_photo	Tektite_p	LB_seagrass_all					Tektite_peak_photo	LB_seagrass_all
Yawzi_peak_photo - LB_seagrass_all	ASV_00003	13.924031055217357	1.903492069707205e-4	high_seagrass	Yawzi	seagrass	rademu	auto_fit	peak_photo	Yawzi_p	LB_seagrass_all					Yawzi_peak_photo	LB_seagrass_all
Tektite_dawn - LB_seagrass_all	ASV_00006	14.344174927653441	1.5225002133389717e-4	high_seagrass	Tektite	seagrass	rademu	auto_fit	dawn	Tektite_d	LB_seagrass_all					Tektite_dawn	LB_seagrass_all
Yawzi_dawn - LB_seagrass_all	ASV_00006	14.426512497430764	1.4573605260662589e-4	high_seagrass	Yawzi	seagrass	rademu	auto_fit	dawn	Yawzi_d	LB_seagrass_all					Yawzi_dawn	LB_seagrass_all
Tektite_peak_photo - LB_seagrass_all	ASV_00006	13.516247951091781	2.3650680261209242e-4	high_seagrass	Tektite	seagrass	rademu	auto_fit	peak_photo	Tektite_p	LB_seagrass_all					Tektite_peak_photo	LB_seagrass_all
Yawzi_peak_photo - LB_seagrass_all	ASV_00006	13.785972138092143	2.0486015829601235e-4	high_seagrass	Yawzi	seagrass	rademu	auto_fit	peak_photo	Yawzi_p	LB_seagrass_all					Yawzi_peak_photo	LB_seagrass_all
Tektite_dawn - LB_seagrass_all	ASV_00007	12.686605086431586	3.6828431792344145e-4	low_seagrass	Tektite	seagrass	rademu	auto_fit	dawn	Tektite_d	LB_seagrass_all					Tektite_dawn	LB_seagrass_all
Yawzi_dawn - LB_seagrass_all	ASV_00007	13.670802790028349	2.1781480129917072e-4	low_seagrass	Yawzi	seagrass	rademu	auto_fit	dawn	Yawzi_d	LB_seagrass_all					Yawzi_dawn	LB_seagrass_all
Tektite_peak_photo - LB_seagrass_all	ASV_00007	11.332525043874824	7.616127082829345e-4	low_seagrass	Tektite	seagrass	rademu	auto_fit	peak_photo	Tektite_p	LB_seagrass_all					Tektite_peak_photo	LB_seagrass_all
Yawzi_peak_photo - LB_seagrass_all	ASV_00007	12.66418358012918	3.727272521094946e-4	low_seagrass	Yawzi	seagrass	rademu	auto_fit	peak_photo	Yawzi_p	LB_seagrass_all					Yawzi_peak_photo	LB_seagrass_all
Tektite_dawn - LB_seagrass_all	ASV_00008	14.516026164959353	1.389722383551048e-4	low_seagrass	Tektite	seagrass	rademu	auto_fit	dawn	Tektite_d	LB_seagrass_all					Tektite_dawn	LB_seagrass_all
Yawzi_dawn - LB_seagrass_all	ASV_00008	14.011363692595083	1.8170913699205678e-4	low_seagrass	Yawzi	seagrass	rademu	auto_fit	dawn	Yawzi_d	LB_seagrass_all					Yawzi_dawn	LB_seagrass_all
Tektite_peak_photo - LB_seagrass_all	ASV_00008	14.820127237517523	1.1826652575725435e-4	low_seagrass	Tektite	seagrass	rademu	auto_fit	peak_photo	Tektite_p	LB_seagrass_all					Tektite_peak_photo	LB_seagrass_all
Yawzi_peak_photo - LB_seagrass_all	ASV_00008	14.344620052068365	1.522140294989092e-4	low_seagrass	Yawzi	seagrass	rademu	auto_fit	peak_photo	Yawzi_p	LB_seagrass_all					Yawzi_peak_photo	LB_seagrass_all
Tektite_dawn - LB_seagrass_all	ASV_00009	14.358917246998748	1.5106253386962314e-4	high_seagrass	Tektite	seagrass	rademu	auto_fit	dawn	Tektite_d	LB_seagrass_all					Tektite_dawn	LB_seagrass_all
Yawzi_dawn - LB_seagrass_all	ASV_00009	14.393094235085115	1.4834533861438233e-4	high_seagrass	Yawzi	seagrass	rademu	auto_fit	dawn	Yawzi_d	LB_seagrass_all					Yawzi_dawn	LB_seagrass_all
Tektite_peak_photo - LB_seagrass_all	ASV_00009	14.307996731943707	1.5520415415636157e-4	high_seagrass	Tektite	seagrass	rademu	auto_fit	peak_photo	Tektite_p	LB_seagrass_all					Tektite_peak_photo	LB_seagrass_all
Yawzi_peak_photo - LB_seagrass_all	ASV_00009	14.496410883007268	1.404268403856267e-4	high_seagrass	Yawzi	seagrass	rademu	auto_fit	peak_photo	Yawzi_p	LB_seagrass_all					Yawzi_peak_photo	LB_seagrass_all
Tektite_dawn - LB_seagrass_all	ASV_00012	14.37461334554801	1.4980846864619778e-4	low_seagrass	Tektite	seagrass	rademu	auto_fit	dawn	Tektite_d	LB_seagrass_all					Tektite_dawn	LB_seagrass_all
Yawzi_dawn - LB_seagrass_all	ASV_00012	14.440138945155189	1.4468541334910725e-4	low_seagrass	Yawzi	seagrass	rademu	auto_fit	dawn	Yawzi_d	LB_seagrass_all					Yawzi_dawn	LB_seagrass_all
Tektite_peak_photo - LB_seagrass_all	ASV_00012	14.237042585978452	1.6116661520284447e-4	low_seagrass	Tektite	seagrass	rademu	auto_fit	peak_photo	Tektite_p	LB_seagrass_all					Tektite_peak_photo	LB_seagrass_all
Yawzi_peak_photo - LB_seagrass_all	ASV_00012	14.883402502005904	1.1436480633340198e-4	low_seagrass	Yawzi	seagrass	rademu	auto_fit	peak_photo	Yawzi_p	LB_seagrass_all					Yawzi_peak_photo	LB_seagrass_all
Tektite_dawn - LB_seagrass_all	ASV_00017	14.579643576377428	1.343581515611903e-4	low_seagrass	Tektite	seagrass	rademu	auto_fit	dawn	Tektite_d	LB_seagrass_all					Tektite_dawn	LB_seagrass_all
Yawzi_dawn - LB_seagrass_all	ASV_00017	14.557908214648036	1.3591698020618483e-4	low_seagrass	Yawzi	seagrass	rademu	auto_fit	dawn	Yawzi_d	LB_seagrass_all					Yawzi_dawn	LB_seagrass_all
Tektite_peak_photo - LB_seagrass_all	ASV_00017	14.44496428962084	1.4431519639048607e-4	low_seagrass	Tektite	seagrass	rademu	auto_fit	peak_photo	Tektite_p	LB_seagrass_all					Tektite_peak_photo	LB_seagrass_all
Yawzi_peak_photo - LB_seagrass_all	ASV_00017	14.72168968716358	1.246045750816145e-4	low_seagrass	Yawzi	seagrass	rademu	auto_fit	peak_photo	Yawzi_p	LB_seagrass_all					Yawzi_peak_photo	LB_seagrass_all
Tektite_dawn - LB_seagrass_all	ASV_00023	14.406017075542835	1.4733079530075588e-4	low_seagrass	Tektite	seagrass	rademu	auto_fit	dawn	Tektite_d	LB_seagrass_all					Tektite_dawn	LB_seagrass_all
Yawzi_dawn - LB_seagrass_all	ASV_00023	14.565774376020645	1.353507390493501e-4	low_seagrass	Yawzi	seagrass	rademu	auto_fit	dawn	Yawzi_d	LB_seagrass_all					Yawzi_dawn	LB_seagrass_all
Tektite_peak_photo - LB_seagrass_all	ASV_00023	13.71008886084954	2.1330553959680369e-4	low_seagrass	Tektite	seagrass	rademu	auto_fit	peak_photo	Tektite_p	LB_seagrass_all					Tektite_peak_photo	LB_seagrass_all
Yawzi_peak_photo - LB_seagrass_all	ASV_00023	14.905290191322315	1.1304553073498972e-4	low_seagrass	Yawzi	seagrass	rademu	auto_fit	peak_photo	Yawzi_p	LB_seagrass_all					Yawzi_peak_photo	LB_seagrass_all
Tektite_dawn - LB_seagrass_all	ASV_00031	14.343048866260316	1.523411105846522e-4	low_seagrass	Tektite	seagrass	rademu	auto_fit	dawn	Tektite_d	LB_seagrass_all					Tektite_dawn	LB_seagrass_all
Yawzi_dawn - LB_seagrass_all	ASV_00031	14.529840559461503	1.3795692328583085e-4	low_seagrass	Yawzi	seagrass	rademu	auto_fit	dawn	Yawzi_d	LB_seagrass_all					Yawzi_dawn	LB_seagrass_all
Tektite_peak_photo - LB_seagrass_all	ASV_00031	14.842647855542586	1.1686271932302979e-4	low_seagrass	Tektite	seagrass	rademu	auto_fit	peak_photo	Tektite_p	LB_seagrass_all					Tektite_peak_photo	LB_seagrass_all
Yawzi_peak_photo - LB_seagrass_all	ASV_00031	14.66486103932452	1.284181358878185e-4	low_seagrass	Yawzi	seagrass	rademu	auto_fit	peak_photo	Yawzi_p	LB_seagrass_all					Yawzi_peak_photo	LB_seagrass_all
Tektite_dawn - LB_seagrass_all	ASV_00038	13.771740090286489	2.064180287916139e-4	high_seagrass	Tektite	seagrass	rademu	auto_fit	dawn	Tektite_d	LB_seagrass_all					Tektite_dawn	LB_seagrass_all
Yawzi_dawn - LB_seagrass_all	ASV_00038	14.221941557270371	1.6246507392622146e-4	high_seagrass	Yawzi	seagrass	rademu	auto_fit	dawn	Yawzi_d	LB_seagrass_all					Yawzi_dawn	LB_seagrass_all
Tektite_peak_photo - LB_seagrass_all	ASV_00038	12.089588523060714	5.070416303080383e-4	high_seagrass	Tektite	seagrass	rademu	auto_fit	peak_photo	Tektite_p	LB_seagrass_all					Tektite_peak_photo	LB_seagrass_all
Yawzi_peak_photo - LB_seagrass_all	ASV_00038	14.080951478862966	1.7510820418955864e-4	high_seagrass	Yawzi	seagrass	rademu	auto_fit	peak_photo	Yawzi_p	LB_seagrass_all					Yawzi_peak_photo	LB_seagrass_all
Tektite_dawn - LB_seagrass_all	ASV_00045	13.61748509972826	2.2408866366699037e-4	high_seagrass	Tektite	seagrass	rademu	auto_fit	dawn	Tektite_d	LB_seagrass_all					Tektite_dawn	LB_seagrass_all
Yawzi_dawn - LB_seagrass_all	ASV_00045	14.586457654791264	1.3387317132891192e-4	high_seagrass	Yawzi	seagrass	rademu	auto_fit	dawn	Yawzi_d	LB_seagrass_all					Yawzi_dawn	LB_seagrass_all
Tektite_peak_photo - LB_seagrass_all	ASV_00045	13.11328494193762	2.932091083920788e-4	high_seagrass	Tektite	seagrass	rademu	auto_fit	peak_photo	Tektite_p	LB_seagrass_all					Tektite_peak_photo	LB_seagrass_all
Yawzi_peak_photo - LB_seagrass_all	ASV_00045	14.883415060262417	1.143640449611277e-4	high_seagrass	Yawzi	seagrass	rademu	auto_fit	peak_photo	Yawzi_p	LB_seagrass_all					Yawzi_peak_photo	LB_seagrass_all
Yawzi_dawn - LB_seagrass_all	ASV_00060	7.401534152027359	0.006516827589103219	high_seagrass	Yawzi	seagrass	rademu	auto_fit	dawn	Yawzi_d	LB_seagrass_all					Yawzi_dawn	LB_seagrass_all
Tektite_dawn - LB_seagrass_all	ASV_00072	13.580933044851363	2.284946316762172e-4	low_seagrass	Tektite	seagrass	rademu	auto_fit	dawn	Tektite_d	LB_seagrass_all					Tektite_dawn	LB_seagrass_all
Yawzi_dawn - LB_seagrass_all	ASV_00072	14.038181175097371	1.7913611624382038e-4	low_seagrass	Yawzi	seagrass	rademu	auto_fit	dawn	Yawzi_d	LB_seagrass_all					Yawzi_dawn	LB_seagrass_all
Tektite_peak_photo - LB_seagrass_all	ASV_00072	14.109020720455502	1.7251447159641044e-4	low_seagrass	Tektite	seagrass	rademu	auto_fit	peak_photo	Tektite_p	LB_seagrass_all					Tektite_peak_photo	LB_seagrass_all
Yawzi_peak_photo - LB_seagrass_all	ASV_00072	14.30264095478929	1.5564635892871952e-4	low_seagrass	Yawzi	seagrass	rademu	auto_fit	peak_photo	Yawzi_p	LB_seagrass_all					Yawzi_peak_photo	LB_seagrass_all
Tektite_dawn - LB_seagrass_all	ASV_00097	10.4055434795124	0.0012563758072780288	high_seagrass	Tektite	seagrass	rademu	auto_fit	dawn	Tektite_d	LB_seagrass_all					Tektite_dawn	LB_seagrass_all
Yawzi_dawn - LB_seagrass_all	ASV_00097	14.327344720610588	1.536171832509959e-4	high_seagrass	Yawzi	seagrass	rademu	auto_fit	dawn	Yawzi_d	LB_seagrass_all					Yawzi_dawn	LB_seagrass_all
Tektite_peak_photo - LB_seagrass_all	ASV_00097	12.434628584713812	4.2144612252283386e-4	high_seagrass	Tektite	seagrass	rademu	auto_fit	peak_photo	Tektite_p	LB_seagrass_all					Tektite_peak_photo	LB_seagrass_all
Yawzi_peak_photo - LB_seagrass_all	ASV_00097	13.925533746213295	1.901970970731111e-4	high_seagrass	Yawzi	seagrass	rademu	auto_fit	peak_photo	Yawzi_p	LB_seagrass_all					Yawzi_peak_photo	LB_seagrass_all
Yawzi_dawn - LB_seagrass_all	ASV_00105	10.899352152355725	9.61978989556729e-4	high_seagrass	Yawzi	seagrass	rademu	auto_fit	dawn	Yawzi_d	LB_seagrass_all					Yawzi_dawn	LB_seagrass_all
Yawzi_peak_photo - LB_seagrass_all	ASV_00105	4.191811322841384	0.04061967541378515	high_seagrass	Yawzi	seagrass	rademu	auto_fit	peak_photo	Yawzi_p	LB_seagrass_all					Yawzi_peak_photo	LB_seagrass_all
Tektite_dawn - LB_seagrass_all	ASV_00111	6.137356068823078	0.0132355067645169	high_seagrass	Tektite	seagrass	rademu	auto_fit	dawn	Tektite_d	LB_seagrass_all					Tektite_dawn	LB_seagrass_all
Yawzi_dawn - LB_seagrass_all	ASV_00111	13.662211974541949	2.188135855913746e-4	high_seagrass	Yawzi	seagrass	rademu	auto_fit	dawn	Yawzi_d	LB_seagrass_all					Yawzi_dawn	LB_seagrass_all
Tektite_peak_photo - LB_seagrass_all	ASV_00111	4.387460560528245	0.03620419940927089	high_seagrass	Tektite	seagrass	rademu	auto_fit	peak_photo	Tektite_p	LB_seagrass_all					Tektite_peak_photo	LB_seagrass_all
Yawzi_peak_photo - LB_seagrass_all	ASV_00111	11.222715355707347	8.080218342997965e-4	high_seagrass	Yawzi	seagrass	rademu	auto_fit	peak_photo	Yawzi_p	LB_seagrass_all					Yawzi_peak_photo	LB_seagrass_all
Tektite_dawn - LB_seagrass_all	ASV_00124	11.793336734412241	5.944309625775025e-4	high_seagrass	Tektite	seagrass	rademu	auto_fit	dawn	Tektite_d	LB_seagrass_all					Tektite_dawn	LB_seagrass_all
Yawzi_dawn - LB_seagrass_all	ASV_00124	13.980944327440193	1.8467283860744353e-4	high_seagrass	Yawzi	seagrass	rademu	auto_fit	dawn	Yawzi_d	LB_seagrass_all					Yawzi_dawn	LB_seagrass_all
Tektite_peak_photo - LB_seagrass_all	ASV_00124	11.816152077048168	5.871908737638975e-4	high_seagrass	Tektite	seagrass	rademu	auto_fit	peak_photo	Tektite_p	LB_seagrass_all					Tektite_peak_photo	LB_seagrass_all
Yawzi_peak_photo - LB_seagrass_all	ASV_00124	13.89873758388224	1.9292800874795658e-4	high_seagrass	Yawzi	seagrass	rademu	auto_fit	peak_photo	Yawzi_p	LB_seagrass_all					Yawzi_peak_photo	LB_seagrass_all
Tektite_dawn - LB_seagrass_all	ASV_00129	13.767434820365127	2.0689164020400072e-4	low_seagrass	Tektite	seagrass	rademu	auto_fit	dawn	Tektite_d	LB_seagrass_all					Tektite_dawn	LB_seagrass_all
Yawzi_dawn - LB_seagrass_all	ASV_00129	13.612100513432424	2.2473230266132304e-4	low_seagrass	Yawzi	seagrass	rademu	auto_fit	dawn	Yawzi_d	LB_seagrass_all					Yawzi_dawn	LB_seagrass_all
Tektite_peak_photo - LB_seagrass_all	ASV_00129	13.074419863082449	2.993559209864846e-4	low_seagrass	Tektite	seagrass	rademu	auto_fit	peak_photo	Tektite_p	LB_seagrass_all					Tektite_peak_photo	LB_seagrass_all
Yawzi_peak_photo - LB_seagrass_all	ASV_00129	14.502408036088928	1.3998049251094994e-4	low_seagrass	Yawzi	seagrass	rademu	auto_fit	peak_photo	Yawzi_p	LB_seagrass_all					Yawzi_peak_photo	LB_seagrass_all
Tektite_dawn - LB_seagrass_all	ASV_00131	8.97424087960837	0.0027381231833457234	high_seagrass	Tektite	seagrass	rademu	auto_fit	dawn	Tektite_d	LB_seagrass_all					Tektite_dawn	LB_seagrass_all
Yawzi_dawn - LB_seagrass_all	ASV_00131	12.621259543321964	3.813842645706959e-4	high_seagrass	Yawzi	seagrass	rademu	auto_fit	dawn	Yawzi_d	LB_seagrass_all					Yawzi_dawn	LB_seagrass_all
Tektite_peak_photo - LB_seagrass_all	ASV_00131	10.32763956304412	0.001310527013613717	high_seagrass	Tektite	seagrass	rademu	auto_fit	peak_photo	Tektite_p	LB_seagrass_all					Tektite_peak_photo	LB_seagrass_all
Yawzi_peak_photo - LB_seagrass_all	ASV_00131	12.610418507408566	3.836026079347494e-4	high_seagrass	Yawzi	seagrass	rademu	auto_fit	peak_photo	Yawzi_p	LB_seagrass_all					Yawzi_peak_photo	LB_seagrass_all
Tektite_dawn - LB_seagrass_all	ASV_00138	9.39357421702304	0.0021774727656074127	low_seagrass	Tektite	seagrass	rademu	auto_fit	dawn	Tektite_d	LB_seagrass_all					Tektite_dawn	LB_seagrass_all
Yawzi_dawn - LB_seagrass_all	ASV_00138	9.520376418373166	0.0020320289725700032	low_seagrass	Yawzi	seagrass	rademu	auto_fit	dawn	Yawzi_d	LB_seagrass_all					Yawzi_dawn	LB_seagrass_all
Tektite_peak_photo - LB_seagrass_all	ASV_00138	10.29801466043543	0.001331734101057018	low_seagrass	Tektite	seagrass	rademu	auto_fit	peak_photo	Tektite_p	LB_seagrass_all					Tektite_peak_photo	LB_seagrass_all
Yawzi_peak_photo - LB_seagrass_all	ASV_00138	10.805192478826612	0.0010121580122634895	low_seagrass	Yawzi	seagrass	rademu	auto_fit	peak_photo	Yawzi_p	LB_seagrass_all					Yawzi_peak_photo	LB_seagrass_all
Tektite_dawn - LB_seagrass_all	ASV_00150	12.263726458739814	4.6184830331620917e-4	low_seagrass	Tektite	seagrass	rademu	auto_fit	dawn	Tektite_d	LB_seagrass_all					Tektite_dawn	LB_seagrass_all
Yawzi_dawn - LB_seagrass_all	ASV_00150	13.651877261738424	2.2002123567931015e-4	low_seagrass	Yawzi	seagrass	rademu	auto_fit	dawn	Yawzi_d	LB_seagrass_all					Yawzi_dawn	LB_seagrass_all
Tektite_peak_photo - LB_seagrass_all	ASV_00150	10.766438088814683	0.0010335722530382258	low_seagrass	Tektite	seagrass	rademu	auto_fit	peak_photo	Tektite_p	LB_seagrass_all					Tektite_peak_photo	LB_seagrass_all
Yawzi_peak_photo - LB_seagrass_all	ASV_00150	13.821260943292154	2.0104827260589514e-4	low_seagrass	Yawzi	seagrass	rademu	auto_fit	peak_photo	Yawzi_p	LB_seagrass_all					Yawzi_peak_photo	LB_seagrass_all
Tektite_dawn - LB_seagrass_all	ASV_00171	10.381836863886125	0.0012726102243430697	low_seagrass	Tektite	seagrass	rademu	auto_fit	dawn	Tektite_d	LB_seagrass_all					Tektite_dawn	LB_seagrass_all
Yawzi_dawn - LB_seagrass_all	ASV_00171	8.592430251265148	0.0033756321523720862	low_seagrass	Yawzi	seagrass	rademu	auto_fit	dawn	Yawzi_d	LB_seagrass_all					Yawzi_dawn	LB_seagrass_all
Tektite_peak_photo - LB_seagrass_all	ASV_00171	8.32171560227281	0.00391739038327876	low_seagrass	Tektite	seagrass	rademu	auto_fit	peak_photo	Tektite_p	LB_seagrass_all					Tektite_peak_photo	LB_seagrass_all
Yawzi_peak_photo - LB_seagrass_all	ASV_00171	9.349642552186726	0.00223028963428849	low_seagrass	Yawzi	seagrass	rademu	auto_fit	peak_photo	Yawzi_p	LB_seagrass_all					Yawzi_peak_photo	LB_seagrass_all
Tektite_dawn - LB_seagrass_all	ASV_00191	8.856598975013144	0.002920311862242135	low_seagrass	Tektite	seagrass	rademu	auto_fit	dawn	Tektite_d	LB_seagrass_all					Tektite_dawn	LB_seagrass_all
Yawzi_dawn - LB_seagrass_all	ASV_00191	12.314657601214568	4.4941514242334915e-4	low_seagrass	Yawzi	seagrass	rademu	auto_fit	dawn	Yawzi_d	LB_seagrass_all					Yawzi_dawn	LB_seagrass_all
Tektite_peak_photo - LB_seagrass_all	ASV_00191	11.263572708597527	7.904293256773998e-4	low_seagrass	Tektite	seagrass	rademu	auto_fit	peak_photo	Tektite_p	LB_seagrass_all					Tektite_peak_photo	LB_seagrass_all
Yawzi_peak_photo - LB_seagrass_all	ASV_00191	8.920063324398255	0.0028205473205959695	low_seagrass	Yawzi	seagrass	rademu	auto_fit	peak_photo	Yawzi_p	LB_seagrass_all					Yawzi_peak_photo	LB_seagrass_all
Tektite_dawn - LB_seagrass_all	ASV_00217	13.644724622890019	2.208609787788036e-4	high_seagrass	Tektite	seagrass	rademu	auto_fit	dawn	Tektite_d	LB_seagrass_all					Tektite_dawn	LB_seagrass_all
Yawzi_dawn - LB_seagrass_all	ASV_00217	13.960432187074932	1.866987383092814e-4	high_seagrass	Yawzi	seagrass	rademu	auto_fit	dawn	Yawzi_d	LB_seagrass_all					Yawzi_dawn	LB_seagrass_all
Tektite_peak_photo - LB_seagrass_all	ASV_00217	13.230154395684782	2.7548111857218354e-4	high_seagrass	Tektite	seagrass	rademu	auto_fit	peak_photo	Tektite_p	LB_seagrass_all					Tektite_peak_photo	LB_seagrass_all
Yawzi_peak_photo - LB_seagrass_all	ASV_00217	14.125693136796254	1.7099221360323253e-4	high_seagrass	Yawzi	seagrass	rademu	auto_fit	peak_photo	Yawzi_p	LB_seagrass_all					Yawzi_peak_photo	LB_seagrass_all
Tektite_dawn - LB_seagrass_all	ASV_00229	10.0837961080078	0.0014957885783671216	high_seagrass	Tektite	seagrass	rademu	auto_fit	dawn	Tektite_d	LB_seagrass_all					Tektite_dawn	LB_seagrass_all
Yawzi_dawn - LB_seagrass_all	ASV_00229	14.727849564456116	1.2419811774056668e-4	high_seagrass	Yawzi	seagrass	rademu	auto_fit	dawn	Yawzi_d	LB_seagrass_all					Yawzi_dawn	LB_seagrass_all
Tektite_peak_photo - LB_seagrass_all	ASV_00229	13.164240451975399	2.853424253283384e-4	high_seagrass	Tektite	seagrass	rademu	auto_fit	peak_photo	Tektite_p	LB_seagrass_all					Tektite_peak_photo	LB_seagrass_all
Yawzi_peak_photo - LB_seagrass_all	ASV_00229	14.386409452622178	1.4887290366204602e-4	high_seagrass	Yawzi	seagrass	rademu	auto_fit	peak_photo	Yawzi_p	LB_seagrass_all					Yawzi_peak_photo	LB_seagrass_all
Yawzi_dawn - LB_seagrass_all	ASV_00251	4.5566689229954465	0.03279079139906216	high_seagrass	Yawzi	seagrass	rademu	auto_fit	dawn	Yawzi_d	LB_seagrass_all					Yawzi_dawn	LB_seagrass_all
Tektite_dawn - LB_seagrass_all	ASV_00271	7.326321366776141	0.006795198813494632	high_seagrass	Tektite	seagrass	rademu	auto_fit	dawn	Tektite_d	LB_seagrass_all					Tektite_dawn	LB_seagrass_all
Yawzi_dawn - LB_seagrass_all	ASV_00271	12.401150859375408	4.2906932758341387e-4	high_seagrass	Yawzi	seagrass	rademu	auto_fit	dawn	Yawzi_d	LB_seagrass_all					Yawzi_dawn	LB_seagrass_all
Yawzi_peak_photo - LB_seagrass_all	ASV_00271	7.666789145201067	0.0056246458879201456	high_seagrass	Yawzi	seagrass	rademu	auto_fit	peak_photo	Yawzi_p	LB_seagrass_all					Yawzi_peak_photo	LB_seagrass_all
Tektite_dawn - LB_seagrass_all	ASV_00290	11.46361918069373	7.097194544765519e-4	high_seagrass	Tektite	seagrass	rademu	auto_fit	dawn	Tektite_d	LB_seagrass_all					Tektite_dawn	LB_seagrass_all
Yawzi_dawn - LB_seagrass_all	ASV_00290	13.832656214779583	1.998326852141792e-4	high_seagrass	Yawzi	seagrass	rademu	auto_fit	dawn	Yawzi_d	LB_seagrass_all					Yawzi_dawn	LB_seagrass_all
Tektite_peak_photo - LB_seagrass_all	ASV_00290	10.671135676261702	0.0010882028532181313	high_seagrass	Tektite	seagrass	rademu	auto_fit	peak_photo	Tektite_p	LB_seagrass_all					Tektite_peak_photo	LB_seagrass_all
Yawzi_peak_photo - LB_seagrass_all	ASV_00290	12.422083099861755	4.2428671109993676e-4	high_seagrass	Yawzi	seagrass	rademu	auto_fit	peak_photo	Yawzi_p	LB_seagrass_all					Yawzi_peak_photo	LB_seagrass_all
Tektite_dawn - LB_seagrass_all	ASV_00307	9.394827428242182	0.0021759848454091916	high_seagrass	Tektite	seagrass	rademu	auto_fit	dawn	Tektite_d	LB_seagrass_all					Tektite_dawn	LB_seagrass_all
Yawzi_dawn - LB_seagrass_all	ASV_00307	13.757153830749127	2.0802705847565095e-4	high_seagrass	Yawzi	seagrass	rademu	auto_fit	dawn	Yawzi_d	LB_seagrass_all					Yawzi_dawn	LB_seagrass_all
Tektite_peak_photo - LB_seagrass_all	ASV_00307	12.516994437983398	4.032670794429908e-4	high_seagrass	Tektite	seagrass	rademu	auto_fit	peak_photo	Tektite_p	LB_seagrass_all					Tektite_peak_photo	LB_seagrass_all
Yawzi_peak_photo - LB_seagrass_all	ASV_00307	12.117500718277316	4.9950806372677e-4	high_seagrass	Yawzi	seagrass	rademu	auto_fit	peak_photo	Yawzi_p	LB_seagrass_all					Yawzi_peak_photo	LB_seagrass_all
Yawzi_dawn - LB_seagrass_all	ASV_01140	5.08891375472546	0.02407926955985467	high_seagrass	Yawzi	seagrass	rademu	auto_fit	dawn	Yawzi_d	LB_seagrass_all					Yawzi_dawn	LB_seagrass_all
Yawzi_peak_photo - LB_seagrass_all	ASV_01140	7.334024828353466	0.006766137692389325	high_seagrass	Yawzi	seagrass	rademu	auto_fit	peak_photo	Yawzi_p	LB_seagrass_all					Yawzi_peak_photo	LB_seagrass_all
Tektite_dawn - LB_seagrass	ASV_00004				Tektite		deseq	manual_dispersion	dawn	Tektite_d	LB_seagrass_all	3814.6040090441165	6.845509761351791e-17	-1.2614165325955249	6.845509761351791e-17	Tektite_dawn	LB_seagrass
Tektite_peak_photo - LB_seagrass	ASV_00004				Tektite		deseq	manual_dispersion	peak_photo	Tektite_p	LB_seagrass_all	3814.6040090441165	2.463464073212419e-19	-1.3526369872734612	2.463464073212419e-19	Tektite_peak_photo	LB_seagrass
Yawzi_peak_photo - LB_seagrass	ASV_00004				Yawzi		deseq	manual_dispersion	peak_photo	Yawzi_p	LB_seagrass_all	3814.6040090441165	5.841531212674356e-17	-1.2642886236971769	5.841531212674356e-17	Yawzi_peak_photo	LB_seagrass
Tektite_dawn - LB_seagrass	ASV_00008				Tektite		deseq	manual_dispersion	dawn	Tektite_d	LB_seagrass_all	5474.629168086622	7.3301716289208385e-19	1.2255070159347143	7.3301716289208385e-19	Tektite_dawn	LB_seagrass
Tektite_peak_photo - LB_seagrass	ASV_00008				Tektite		deseq	manual_dispersion	peak_photo	Tektite_p	LB_seagrass_all	5474.629168086622	7.537762810695889e-24	1.3851559550790222	7.537762810695889e-24	Tektite_peak_photo	LB_seagrass
Yawzi_peak_photo - LB_seagrass	ASV_00008				Yawzi		deseq	manual_dispersion	peak_photo	Yawzi_p	LB_seagrass_all	5474.629168086622	3.5314332974844794e-19	1.2369177696321307	3.5314332974844794e-19	Yawzi_peak_photo	LB_seagrass
Tektite_dawn - LB_seagrass_dawn	ASV_00012				Tektite		deseq	manual_dawn	dawn	Tektite_d	LB_seagrass_time	1821.491496947784	9.156908219570975e-31	1.8734816016090783	9.156908219570975e-31	Tektite_dawn	LB_seagrass_dawn
Yawzi_dawn - LB_seagrass_dawn	ASV_00012				Yawzi		deseq	manual_dawn	dawn	Yawzi_d	LB_seagrass_time	1821.491496947784	1.287490271524618e-16	1.364370925771575	1.287490271524618e-16	Yawzi_dawn	LB_seagrass_dawn
Tektite_peak_photo - LB_seagrass_peak_photo	ASV_00012				Tektite		deseq	manual_photo	peak_photo	Tektite_p	LB_seagrass_time	2585.3783995644535	3.3425782270311313e-15	1.2661058621461414	3.3425782270311313e-15	Tektite_peak_photo	LB_seagrass_peak_photo
Tektite_dawn - LB_seagrass	ASV_00013				Tektite		deseq	manual_dispersion	dawn	Tektite_d	LB_seagrass_all	2449.7209709780436	6.855380411718237e-13	0.9205264087647448	6.855380411718237e-13	Tektite_dawn	LB_seagrass
Tektite_peak_photo - LB_seagrass	ASV_00013				Tektite		deseq	manual_dispersion	peak_photo	Tektite_p	LB_seagrass_all	2449.7209709780436	1.3475334084406417e-14	0.980982032479394	1.3475334084406417e-14	Tektite_peak_photo	LB_seagrass
Yawzi_peak_photo - LB_seagrass	ASV_00013				Yawzi		deseq	manual_dispersion	peak_photo	Yawzi_p	LB_seagrass_all	2449.7209709780436	9.338925478900856e-13	0.9154155464686403	9.338925478900856e-13	Yawzi_peak_photo	LB_seagrass
Tektite_dawn - LB_seagrass	ASV_00014				Tektite		deseq	manual_dispersion	dawn	Tektite_d	LB_seagrass_all	4492.486807685852	5.14643721222091e-14	-1.0935094846624294	5.14643721222091e-14	Tektite_dawn	LB_seagrass
Tektite_peak_photo - LB_seagrass	ASV_00014				Tektite		deseq	manual_dispersion	peak_photo	Tektite_p	LB_seagrass_all	4492.486807685852	4.7487560992428555e-17	-1.2120005371097793	4.7487560992428555e-17	Tektite_peak_photo	LB_seagrass
Yawzi_peak_photo - LB_seagrass	ASV_00014				Yawzi		deseq	manual_dispersion	peak_photo	Yawzi_p	LB_seagrass_all	4492.486807685852	3.413300823810369e-14	-1.101835939115493	3.413300823810369e-14	Yawzi_peak_photo	LB_seagrass
Tektite_dawn - LB_seagrass_dawn	ASV_00018				Tektite		deseq	manual_dawn	dawn	Tektite_d	LB_seagrass_time	806.9005948483502	3.298877123070831e-11	1.1955245953617093	3.298877123070831e-11	Tektite_dawn	LB_seagrass_dawn
Tektite_dawn - LB_seagrass	ASV_00021				Tektite		deseq	manual_dispersion	dawn	Tektite_d	LB_seagrass_all	2529.6497309351917	3.3442704818009515e-12	-0.8631592609163753	3.3442704818009515e-12	Tektite_dawn	LB_seagrass
Tektite_dawn - LB_seagrass_dawn	ASV_00023				Tektite		deseq	manual_dawn	dawn	Tektite_d	LB_seagrass_time	1222.5678682951007	6.819211580000631e-40	2.716998353245054	6.819211580000631e-40	Tektite_dawn	LB_seagrass_dawn
Yawzi_dawn - LB_seagrass_dawn	ASV_00023				Yawzi		deseq	manual_dawn	dawn	Yawzi_d	LB_seagrass_time	1222.5678682951007	1.0081646498857297e-23	2.0913914089349372	1.0081646498857297e-23	Yawzi_dawn	LB_seagrass_dawn
Tektite_peak_photo - LB_seagrass_peak_photo	ASV_00023				Tektite		deseq	manual_photo	peak_photo	Tektite_p	LB_seagrass_time	1772.8935589283146	6.741754029402865e-14	1.730583707940758	6.741754029402865e-14	Tektite_peak_photo	LB_seagrass_peak_photo
Tektite_dawn - LB_seagrass_dawn	ASV_00031				Tektite		deseq	manual_dawn	dawn	Tektite_d	LB_seagrass_time	746.9961177607652	1.4201808867732935e-42	2.319335461443311	1.4201808867732935e-42	Tektite_dawn	LB_seagrass_dawn
Yawzi_dawn - LB_seagrass_dawn	ASV_00031				Yawzi		deseq	manual_dawn	dawn	Yawzi_d	LB_seagrass_time	746.9961177607652	2.374610945280276e-29	1.9354654119908332	2.374610945280276e-29	Yawzi_dawn	LB_seagrass_dawn
Tektite_peak_photo - LB_seagrass_peak_photo	ASV_00031				Tektite		deseq	manual_photo	peak_photo	Tektite_p	LB_seagrass_time	1057.0943341711568	5.072113162151846e-11	1.4785978822290489	5.072113162151846e-11	Tektite_peak_photo	LB_seagrass_peak_photo
Yawzi_peak_photo - LB_seagrass	ASV_00058				Yawzi		deseq	manual_dispersion	peak_photo	Yawzi_p	LB_seagrass_all	260.887616505273	3.37864505431199e-11	-1.691015405139224	3.37864505431199e-11	Yawzi_peak_photo	LB_seagrass
Tektite_dawn - LB_seagrass_dawn	ASV_00058				Tektite		deseq	manual_dawn	dawn	Tektite_d	LB_seagrass_time	291.3638074776748	4.698655663427282e-12	-1.9029240217833552	4.698655663427282e-12	Tektite_dawn	LB_seagrass_dawn
Tektite_dawn - LB_seagrass	ASV_00060				Tektite		deseq	manual_dispersion	dawn	Tektite_d	LB_seagrass_all	320.66579572807535	1.2962289591886228e-30	-12.109081179722985	1.2962289591886228e-30	Tektite_dawn	LB_seagrass
Tektite_peak_photo - LB_seagrass	ASV_00060				Tektite		deseq	manual_dispersion	peak_photo	Tektite_p	LB_seagrass_all	320.66579572807535	6.773102602253508e-32	-12.438461178491794	6.773102602253508e-32	Tektite_peak_photo	LB_seagrass
Yawzi_peak_photo - LB_seagrass	ASV_00060				Yawzi		deseq	manual_dispersion	peak_photo	Yawzi_p	LB_seagrass_all	320.66579572807535	5.373967965573227e-32	-12.475931706066035	5.373967965573227e-32	Yawzi_peak_photo	LB_seagrass
Tektite_dawn - LB_seagrass_dawn	ASV_00060				Tektite		deseq	manual_dawn	dawn	Tektite_d	LB_seagrass_time	340.4367956889421	1.2779031440526402e-25	-12.065037935272004	1.2779031440526402e-25	Tektite_dawn	LB_seagrass_dawn
Tektite_peak_photo - LB_seagrass_peak_photo	ASV_00060				Tektite		deseq	manual_photo	peak_photo	Tektite_p	LB_seagrass_time	258.92875098737863	9.511678555939892e-24	-11.96457594243748	9.511678555939892e-24	Tektite_peak_photo	LB_seagrass_peak_photo
Yawzi_peak_photo - LB_seagrass_peak_photo	ASV_00060				Yawzi		deseq	manual_photo	peak_photo	Yawzi_p	LB_seagrass_time	258.92875098737863	6.830974189947583e-24	-11.884128915515037	6.830974189947583e-24	Yawzi_peak_photo	LB_seagrass_peak_photo
Tektite_dawn - LB_seagrass_dawn	ASV_00072				Tektite		deseq	manual_dawn	dawn	Tektite_d	LB_seagrass_time	128.85937824091377	1.5906824791260615e-23	3.466086030994446	1.5906824791260615e-23	Tektite_dawn	LB_seagrass_dawn
Yawzi_dawn - LB_seagrass_dawn	ASV_00072				Yawzi		deseq	manual_dawn	dawn	Yawzi_d	LB_seagrass_time	128.85937824091377	1.660739181734258e-14	2.6821648727479315	1.660739181734258e-14	Yawzi_dawn	LB_seagrass_dawn
Tektite_peak_photo - LB_seagrass_peak_photo	ASV_00072				Tektite		deseq	manual_photo	peak_photo	Tektite_p	LB_seagrass_time	220.97647529234044	1.9702576090735167e-14	2.5008186259200404	1.9702576090735167e-14	Tektite_peak_photo	LB_seagrass_peak_photo
Tektite_dawn - LB_seagrass_dawn	ASV_00105				Tektite		deseq	manual_dawn	dawn	Tektite_d	LB_seagrass_time	112.24295595782755	3.668802362661763e-21	-7.4227077179006615	3.668802362661763e-21	Tektite_dawn	LB_seagrass_dawn
Tektite_peak_photo - LB_seagrass_peak_photo	ASV_00105				Tektite		deseq	manual_photo	peak_photo	Tektite_p	LB_seagrass_time	133.3695162191251	2.769706458623083e-26	-11.01458338348294	2.769706458623083e-26	Tektite_peak_photo	LB_seagrass_peak_photo
Yawzi_peak_photo - LB_seagrass_peak_photo	ASV_00105				Yawzi		deseq	manual_photo	peak_photo	Yawzi_p	LB_seagrass_time	133.3695162191251	8.605066487864021e-13	-6.444116065953441	8.605066487864021e-13	Yawzi_peak_photo	LB_seagrass_peak_photo
Tektite_dawn - LB_seagrass_dawn	ASV_00119				Tektite		deseq	manual_dawn	dawn	Tektite_d	LB_seagrass_time	124.53824559996497	4.444637092819173e-13	1.5451892827273583	4.444637092819173e-13	Tektite_dawn	LB_seagrass_dawn
Tektite_dawn - LB_seagrass	ASV_00129				Tektite		deseq	manual_dispersion	dawn	Tektite_d	LB_seagrass_all	92.23608341375704	5.414972860846331e-19	2.6223411687347924	5.414972860846331e-19	Tektite_dawn	LB_seagrass
Tektite_peak_photo - LB_seagrass	ASV_00129				Tektite		deseq	manual_dispersion	peak_photo	Tektite_p	LB_seagrass_all	92.23608341375704	7.315021741549703e-23	2.8911048771200774	7.315021741549703e-23	Tektite_peak_photo	LB_seagrass
Yawzi_peak_photo - LB_seagrass	ASV_00129				Yawzi		deseq	manual_dispersion	peak_photo	Yawzi_p	LB_seagrass_all	92.23608341375704	9.089695087280408e-18	2.535298620558003	9.089695087280408e-18	Yawzi_peak_photo	LB_seagrass
Tektite_dawn - LB_seagrass	ASV_00131				Tektite		deseq	manual_dispersion	dawn	Tektite_d	LB_seagrass_all	109.33655079274305	2.1239727587060894e-15	-3.5940197013003665	2.1239727587060894e-15	Tektite_dawn	LB_seagrass
Tektite_peak_photo - LB_seagrass	ASV_00131				Tektite		deseq	manual_dispersion	peak_photo	Tektite_p	LB_seagrass_all	109.33655079274305	6.941749551566164e-17	-3.763015772040171	6.941749551566164e-17	Tektite_peak_photo	LB_seagrass
Yawzi_peak_photo - LB_seagrass	ASV_00131				Yawzi		deseq	manual_dispersion	peak_photo	Yawzi_p	LB_seagrass_all	109.33655079274305	1.541813542757349e-13	-3.334613802592386	1.541813542757349e-13	Yawzi_peak_photo	LB_seagrass
Tektite_peak_photo - LB_seagrass	ASV_00133				Tektite		deseq	manual_dispersion	peak_photo	Tektite_p	LB_seagrass_all	264.93967956920716	1.6286925592533665e-13	1.0777814179317498	1.6286925592533665e-13	Tektite_peak_photo	LB_seagrass
Tektite_dawn - LB_seagrass_dawn	ASV_00150				Tektite		deseq	manual_dawn	dawn	Tektite_d	LB_seagrass_time	152.164247034847	2.8890937370627354e-13	2.3115296711027593	2.8890937370627354e-13	Tektite_dawn	LB_seagrass_dawn
Tektite_dawn - LB_seagrass	ASV_00164				Tektite		deseq	manual_dispersion	dawn	Tektite_d	LB_seagrass_all	117.78761291724963	1.0535892012934746e-20	-1.876710059705725	1.0535892012934746e-20	Tektite_dawn	LB_seagrass
Tektite_peak_photo - LB_seagrass	ASV_00164				Tektite		deseq	manual_dispersion	peak_photo	Tektite_p	LB_seagrass_all	117.78761291724963	2.8633363328065373e-19	-1.7936858215184284	2.8633363328065373e-19	Tektite_peak_photo	LB_seagrass
Yawzi_peak_photo - LB_seagrass	ASV_00164				Yawzi		deseq	manual_dispersion	peak_photo	Yawzi_p	LB_seagrass_all	117.78761291724963	2.5035197754834167e-21	-1.8957639878453527	2.5035197754834167e-21	Yawzi_peak_photo	LB_seagrass
Tektite_peak_photo - LB_seagrass	ASV_00236				Tektite		deseq	manual_dispersion	peak_photo	Tektite_p	LB_seagrass_all	33.70506250711136	1.3141084408244388e-11	1.566175656096943	1.3141084408244388e-11	Tektite_peak_photo	LB_seagrass
Tektite_dawn - LB_seagrass_dawn	ASV_00271				Tektite		deseq	manual_dawn	dawn	Tektite_d	LB_seagrass_time	41.66475495098923	6.001709195436408e-13	-3.380427677587805	6.001709195436408e-13	Tektite_dawn	LB_seagrass_dawn
Tektite_dawn - LB_seagrass	ASV_00300				Tektite		deseq	manual_dispersion	dawn	Tektite_d	LB_seagrass_all	29.480931982896134	8.036867989207283e-13	-7.779965873709024	8.036867989207283e-13	Tektite_dawn	LB_seagrass
Tektite_peak_photo - LB_seagrass	ASV_00300				Tektite		deseq	manual_dispersion	peak_photo	Tektite_p	LB_seagrass_all	29.480931982896134	1.6286925592533665e-13	-8.127224336021955	1.6286925592533665e-13	Tektite_peak_photo	LB_seagrass
Yawzi_peak_photo - LB_seagrass	ASV_00300				Yawzi		deseq	manual_dispersion	peak_photo	Yawzi_p	LB_seagrass_all	29.480931982896134	1.2451734496143816e-12	-7.66976706703638	1.2451734496143816e-12	Yawzi_peak_photo	LB_seagrass
Tektite_dawn - LB_seagrass_dawn	ASV_00300				Tektite		deseq	manual_dawn	dawn	Tektite_d	LB_seagrass_time	33.51022871024016	1.1383407448430214e-14	-8.035273158078699	1.1383407448430214e-14	Tektite_dawn	LB_seagrass_dawn
Tektite_dawn - LB_seagrass_dawn	ASV_00346				Tektite		deseq	manual_dawn	dawn	Tektite_d	LB_seagrass_time	15.691971458664382	2.53803116523438e-13	5.5731061301622695	2.53803116523438e-13	Tektite_dawn	LB_seagrass_dawn
Yawzi_dawn - LB_seagrass	ASV_00372				Yawzi		deseq	manual_dispersion	dawn	Yawzi_d	LB_seagrass_all	17.758477034005782	6.564854752135727e-45	-24.50677303670279	6.564854752135727e-45	Yawzi_dawn	LB_seagrass
Tektite_peak_photo - LB_seagrass	ASV_00372				Tektite		deseq	manual_dispersion	peak_photo	Tektite_p	LB_seagrass_all	17.758477034005782	3.4175901187601367e-46	-24.491003891578934	3.4175901187601367e-46	Tektite_peak_photo	LB_seagrass
Yawzi_peak_photo - LB_seagrass	ASV_00372				Yawzi		deseq	manual_dispersion	peak_photo	Yawzi_p	LB_seagrass_all	17.758477034005782	1.674157499630373e-45	-24.525688699037488	1.674157499630373e-45	Yawzi_peak_photo	LB_seagrass
Tektite_dawn - LB_seagrass	ASV_00400				Tektite		deseq	manual_dispersion	dawn	Tektite_d	LB_seagrass_all	18.191391018321546	3.784313039570685e-12	-6.668754562604111	3.784313039570685e-12	Tektite_dawn	LB_seagrass
Tektite_peak_photo - LB_seagrass	ASV_00400				Tektite		deseq	manual_dispersion	peak_photo	Tektite_p	LB_seagrass_all	18.191391018321546	1.000356156348134e-14	-7.449124847644715	1.000356156348134e-14	Tektite_peak_photo	LB_seagrass
Yawzi_peak_photo - LB_seagrass	ASV_00400				Yawzi		deseq	manual_dispersion	peak_photo	Yawzi_p	LB_seagrass_all	18.191391018321546	6.199311833663152e-15	-7.502155229252872	6.199311833663152e-15	Yawzi_peak_photo	LB_seagrass
Tektite_peak_photo - LB_seagrass	ASV_00429				Tektite		deseq	manual_dispersion	peak_photo	Tektite_p	LB_seagrass_all	7.675894850332302	5.2837832084094555e-12	3.8337312553857186	5.2837832084094555e-12	Tektite_peak_photo	LB_seagrass
Tektite_dawn - LB_seagrass	ASV_00445				Tektite		deseq	manual_dispersion	dawn	Tektite_d	LB_seagrass_all	9.411275458148166	2.4006840425892367e-11	-6.314668854288836	2.4006840425892367e-11	Tektite_dawn	LB_seagrass
Tektite_peak_photo - LB_seagrass	ASV_00445				Tektite		deseq	manual_dispersion	peak_photo	Tektite_p	LB_seagrass_all	9.411275458148166	4.726705324772145e-12	-6.4310919149954975	4.726705324772145e-12	Tektite_peak_photo	LB_seagrass
Yawzi_peak_photo - LB_seagrass	ASV_00445				Yawzi		deseq	manual_dispersion	peak_photo	Yawzi_p	LB_seagrass_all	9.411275458148166	2.8812363846258425e-12	-6.5499132240128395	2.8812363846258425e-12	Yawzi_peak_photo	LB_seagrass
Tektite_dawn - LB_seagrass	ASV_00495				Tektite		deseq	manual_dispersion	dawn	Tektite_d	LB_seagrass_all	19.31440928739398	7.682217688929595e-12	-5.187987665469494	7.682217688929595e-12	Tektite_dawn	LB_seagrass
Tektite_dawn - LB_seagrass_dawn	ASV_00495				Tektite		deseq	manual_dawn	dawn	Tektite_d	LB_seagrass_time	19.187369372874166	4.104024668702292e-12	-5.242348546678531	4.104024668702292e-12	Tektite_dawn	LB_seagrass_dawn
Tektite_peak_photo - LB_seagrass	ASV_00524				Tektite		deseq	manual_dispersion	peak_photo	Tektite_p	LB_seagrass_all	29.97573957374467	1.3010044628928112e-11	2.4809651975557645	1.3010044628928112e-11	Tektite_peak_photo	LB_seagrass
Tektite_dawn - LB_seagrass_dawn	ASV_00528				Tektite		deseq	manual_dawn	dawn	Tektite_d	LB_seagrass_time	9.280200047264287	2.4824273217858212e-11	-6.115056933257208	2.4824273217858212e-11	Tektite_dawn	LB_seagrass_dawn
Yawzi_dawn - LB_seagrass_dawn	ASV_00608				Yawzi		deseq	manual_dawn	dawn	Yawzi_d	LB_seagrass_time	10.576248931197883	3.0683860332066135e-11	-6.568888923552713	3.0683860332066135e-11	Yawzi_dawn	LB_seagrass_dawn
Tektite_dawn - LB_seagrass_dawn	ASV_00769				Tektite		deseq	manual_dawn	dawn	Tektite_d	LB_seagrass_time	8.829264276818826	7.854296833103118e-12	-6.420311726762655	7.854296833103118e-12	Tektite_dawn	LB_seagrass_dawn
Tektite_dawn - LB_seagrass_dawn	ASV_01134				Tektite		deseq	manual_dawn	dawn	Tektite_d	LB_seagrass_time	103.95377802568314	4.942681998280029e-16	-2.69450250918497	4.942681998280029e-16	Tektite_dawn	LB_seagrass_dawn
Yawzi_dawn - LB_seagrass_dawn	ASV_01134				Yawzi		deseq	manual_dawn	dawn	Yawzi_d	LB_seagrass_time	103.95377802568314	5.703244912560437e-19	-2.9661009168005674	5.703244912560437e-19	Yawzi_dawn	LB_seagrass_dawn
Tektite_peak_photo - LB_seagrass_peak_photo	ASV_01134				Tektite		deseq	manual_photo	peak_photo	Tektite_p	LB_seagrass_time	78.89234641015483	1.3440753576596572e-11	-2.213333797728696	1.3440753576596572e-11	Tektite_peak_photo	LB_seagrass_peak_photo
